source,name,matched_db_name,matched_db_id,distance_km,levenshtein,classification,lat,lng,capacity_mw,status,country_code,commissioned_year
osm,Global Tech I,Global Tech I,e8f21142-4a38-47c1-9884-988df8468393,13.9,0,match,54.5010918,6.3661694,400,unknown,,2015
osm,Robin Rigg Offshore Wind Farm,Robin Rigg,b104f47d-22db-4e38-966c-a5031b6fd6a5,10.2,0,match,54.7534076,-3.7134969,174,unknown,,
osm,EnBW Hohe See,EnBW Hohe See,a12be266-dec9-4ece-aefa-4dd0f7279c8e,22.8,0,match,54.4380558,6.3227372,497,unknown,,2019
osm,Triton Knoll Wind Farm,Triton Knoll,4dba7f09-3891-444e-8162-d118166e358a,15.7,0,match,53.4708167,0.845075,857,unknown,,2021
osm,Neart na Gaoithe Wind Farm,Neart na Gaoithe,2f00be80-8d78-4999-a369-cfb46a2fb6ee,12.6,0,match,56.275278,-2.2457256,450,unknown,,2025
osm,Setana Offshore,Samsø Offshore,c67c9a10-f508-4a4e-ac56-f350787e4222,8088.6,4,ambiguous,42.4436791,139.8394191,,unknown,,
osm,Kincardine Offshore Windfarm,Gippsland Offshore Wind,a0e2c2ff-36fd-4e69-bc65-937e30433867,17000.4,12,new,57.0066465,-1.8532605,50,unknown,,2021
osm,Offshore-Windpark-Albatros,Hornsea Two,60b97c81-9883-4f21-8bbf-66483fd2bf9c,293.7,19,new,54.4819625,6.2494105,112,unknown,,2020
osm,Vesterhav Nord,Utsira Nord,5747cbe7-bcb7-4e45-b4d8-4fcd90fd7111,400.6,6,ambiguous,56.5928891,8.0256861,176.4,unknown,,2024
osm,Nissum Bredning Havvindmøller,Sheringham Shoal,151d4e84-d6a1-45da-a9fa-dc5b69b40b99,598.8,20,new,56.6709575,8.2450596,28,unknown,,2018
osm,Seagreen Offshore Wind Farm,Seagreen,8426ba97-5bdb-4572-b9cc-4cedaaf8d5f2,30.2,0,match,56.5954346,-1.7140622,1075,unknown,,2022
wikipedia,Hornsea Project Two,Hornsea Two,60b97c81-9883-4f21-8bbf-66483fd2bf9c,,8,new,,,1386,unknown,,2022
wikipedia,Hornsea Project One,Hornsea One,e5e0429c-74f0-4490-be97-71d9ea9d8604,7.3,8,new,53.885,1.791,1218,unknown,,2019
wikipedia,Seagreen,Seagreen,8426ba97-5bdb-4572-b9cc-4cedaaf8d5f2,28.3,0,match,56.588,-1.741,1075,unknown,,2023
wikipedia,Moray East,Moray East,930ba954-1673-432d-8131-fddcb8f4931f,66.7,0,match,58.16708,-2.69852,950,unknown,,2022
wikipedia,Greater Changhua (1 &amp; 2A),Greater Changhua 1 & 2a,29502b1b-560f-4698-ae66-98a799c32fa5,,4,ambiguous,,,900,unknown,,2024
wikipedia,Moray West,Moray West,92061744-815c-43c6-8d95-73e8d04f374e,55.0,0,match,58.094,-2.988,882,unknown,,2025
wikipedia,Triton Knoll,Triton Knoll,4dba7f09-3891-444e-8162-d118166e358a,8.0,0,match,53.4,0.9,857,unknown,,2021
wikipedia,Hollandse Kust (Zuid) III &amp; IV,Hollandse Kust Zuid 1+2,a0830fa8-b130-495c-831f-b07a966fb687,32.5,10,new,52.366667,4.116667,770,unknown,,2023
wikipedia,Hollandse Kust (Zuid) I &amp; II,Hollandse Kust Zuid 1+2,a0830fa8-b130-495c-831f-b07a966fb687,32.5,8,new,52.366667,4.116667,759,unknown,,2023
wikipedia,Hollandse Kust Noord,Hollandse Kust Noord,0ab338fe-ed48-487a-a969-d881c3e4bda5,23.6,0,match,52.7151,4.251,759,unknown,,2023
wikipedia,Borssele I &amp; II,Borssele II,a11975f2-38e2-4f53-a323-e8033343a518,12.4,6,ambiguous,51.72,3,752,unknown,,2020
wikipedia,Borssele III &amp; IV,Borssele III/IV,ed2ca692-c336-458f-879e-5f7c1edd56dd,17.4,5,ambiguous,51.72,3,731.5,unknown,,2021
wikipedia,East Anglia ONE,East Anglia One,c7d6f890-dd07-4c1b-b48a-1adc326b1cca,77.9,0,match,52.90777778,2.62861111,714,unknown,,2020
wikipedia,Walney Extension,Walney 1,0ba0bb30-c4c0-4c82-9e14-2782ac74106f,4.2,9,match,54.044,-3.522,659,unknown,,2018
wikipedia,Yunlin,Yunlin,98a998a6-57c3-4598-bfde-8906b227e26d,,0,match,,,640,unknown,,2025
wikipedia,London Array,London Array,82f4a006-4666-4b7c-bf2f-35203c258daa,14.1,0,match,51.6439,1.5536,630,unknown,,2013
wikipedia,Kriegers Flak,Kriegers Flak,959fc20b-9360-4450-b1b8-47dce8f4f0cb,18.9,0,match,55.07,13.01,605,unknown,,2021
wikipedia,Gemini Wind Farm,Gemini,8049838b-c453-4188-8614-5560ca86ef8f,2.0,0,match,54.036,5.963,600,unknown,,2017
wikipedia,Beatrice,Beatrice,345cded3-1229-40e5-aa62-9304733f6d7b,54.3,0,match,58.13,-3.07,588,unknown,,2019
wikipedia,Gode Wind (phases 1+2),Gode Wind 1,3fd7bf55-4531-46ce-9ff9-eafbc2d3448b,2.6,8,match,54.05,7.03,582,unknown,,2017
wikipedia,Gwynt y Môr,Gwynt y Môr,a4280fa3-a5b8-47a8-ad21-d8af8dacd4e1,6.7,0,match,53.45,-3.58,576,unknown,,2015
wikipedia,Race Bank,Race Bank,17f40b94-5c52-48db-9096-d771f27f8ef6,12.2,0,match,53.275,0.8333,573,unknown,,2018
wikipedia,Greater Gabbard,Greater Gabbard,6a675412-f868-44ed-ad57-712338913406,8.8,0,match,51.88,1.94,504,unknown,,2012
wikipedia,Jiangsu Qidong H1+H2,Jiangsu Dafeng Offshore,55576432-e709-4475-8c26-6afecf8b8b7b,,11,new,,,503,unknown,,2021
wikipedia,CGN Shanwei Jiazi I,Global Tech I,e8f21142-4a38-47c1-9884-988df8468393,,14,new,,,503,unknown,,2022
wikipedia,Jieyang Shenquan II,Vineyard Wind 1,f09d4fcf-6aa2-4e8a-872f-2f44a65535f3,,13,new,,,502,unknown,,2022
wikipedia,Shandong Bozhong B2,Hai Long 2,bc0111d9-98e5-4e09-9b19-21bfc3b18cf1,,11,new,,,501.5,unknown,,2023
wikipedia,Shandong Bozhong A,Thornton Bank 1,024fff64-3b6e-4bce-a32d-7e3a9aa91ac2,,11,new,,,501,unknown,,2022
wikipedia,Huadian Yangjiang Qingzhou III,CTG Yangjiang Offshore,8ba2b2cb-18e1-46ad-8dd5-244990dbdc3e,,17,new,,,500.6,unknown,,2022
wikipedia,CGN Shanwei Houhu,Hornsea Four,b38cb358-6ba7-4088-a8d4-ecee7ea9e1e9,,12,new,,,500.5,unknown,,2021
wikipedia,Hohe See,Hesselø,3f0280f2-28c4-492e-9d49-bafde5378114,,4,ambiguous,,,497,unknown,,2019
wikipedia,Saint-Brieuc,Saint-Brieuc,a0c238ea-14e8-4d73-9722-1f0090b947cf,9.5,0,match,48.86,-2.535,496,unknown,,2023
wikipedia,Saint-Nazaire Offshore Wind Farm,Saint-Nazaire,cf8779f3-642a-4be1-a14b-f7c3f4a62198,32.0,0,match,47.1605,-2.6266,480,unknown,,2022
wikipedia,Neart na Gaoithe,Neart na Gaoithe,2f00be80-8d78-4999-a369-cfb46a2fb6ee,12.7,0,match,56.275,-2.245,450,unknown,,2025
wikipedia,Borkum Riffgrund 2,Borkum Riffgrund 2,18f49317-f19d-4170-94f7-50672d1fe744,,0,match,,,450,unknown,,2019
wikipedia,Horns Rev 3,Horns Rev 3,1cf996bc-2252-4113-be45-6e76580e83f4,30.2,0,match,55.52972222,7.90611111,407,unknown,,2019
wikipedia,CGN Shanwei Jiazi II,Borssele III/IV,ed2ca692-c336-458f-879e-5f7c1edd56dd,,14,new,,,403,unknown,,2022
wikipedia,Dudgeon,Dudgeon,391c81c5-93a9-4b0d-8c9f-2d9aa28f521c,4.1,0,match,53.249,1.39,402,unknown,,2017
wikipedia,Veja Mate,SeaStar,4e0b0919-5158-4d9b-b6b8-a49e75c4ba27,342.6,6,ambiguous,54,6,402,unknown,,2017
wikipedia,CGN Yangjiang Nanpeng Island,CGN Guangdong Yangjiang,29e8445f-4cf1-482c-8363-2a5e422aed98,,13,new,,,401.5,unknown,,2020
wikipedia,Anholt,Anholt,048946f5-da7e-4d5b-8176-6fe00db20126,0.6,0,match,56.6,11.21,400,unknown,,2013
wikipedia,BARD Offshore 1,BARD Offshore 1,c966294f-758c-442a-b536-fb8fb6d1470d,8.2,0,match,54.3583,5.975,400,unknown,,2013
wikipedia,Global Tech I&#160;&#91;de&#93;,Global Tech I,e8f21142-4a38-47c1-9884-988df8468393,,9,new,,,400,unknown,,2015
wikipedia,Rampion,Rampion,20fd6448-2cf1-4619-8c79-b5e67c0d3535,12.7,0,match,50.6647,-0.2789,400,unknown,,2018
wikipedia,Binhai North H2,Hai Long 2,bc0111d9-98e5-4e09-9b19-21bfc3b18cf1,,8,new,,,400,unknown,,2018
wikipedia,CTGNE Yangjiang Shapa - phase II,CTG Yangjiang Offshore,8ba2b2cb-18e1-46ad-8dd5-244990dbdc3e,,16,new,,,400,unknown,,2021
wikipedia,Rudong H6,Dudgeon,391c81c5-93a9-4b0d-8c9f-2d9aa28f521c,,6,ambiguous,,,400,unknown,,2021
wikipedia,Rudong H10,Dudgeon,391c81c5-93a9-4b0d-8c9f-2d9aa28f521c,,7,new,,,400,unknown,,2021
wikipedia,SPIC Rudong H7,Hai Long 2,bc0111d9-98e5-4e09-9b19-21bfc3b18cf1,,8,new,,,400,unknown,,2021
wikipedia,SPIC Rudong H4,Hai Long 2,bc0111d9-98e5-4e09-9b19-21bfc3b18cf1,,8,new,,,400,unknown,,2021
wikipedia,Hornsea 3,Hornsea One,e5e0429c-74f0-4490-be97-71d9ea9d8604,,3,match,,,2900,unknown,,2027
wikipedia,Coastal Virginia Offshore Wind,Coastal Virginia Offshore Wind,9ab6b225-bd81-4770-b815-7ff7652bb973,,0,match,,,2640,unknown,,2026
wikipedia,Sofia,Sofia,4dabc82d-af4f-4381-81e0-569684af076a,92.9,0,match,54.75,1.91666667,1400,unknown,,2026
wikipedia,Dogger Bank A,Dogger Bank A,58675ff9-7203-4b52-ba65-1e9b1eaba131,8.2,0,match,54.75,1.91666667,1200,unknown,,2025
wikipedia,Dogger Bank B,Dogger Bank B,bbc2308f-5bf0-48c5-ae06-ff34b2c32801,16.0,0,match,54.75,1.91666667,1200,unknown,,2025
wikipedia,Inch Cape,Inch Cape,5576d784-9f59-4e07-8472-d212c9659fd8,31.0,0,match,56.5,-2.17,1080,unknown,,2027
wikipedia,He Dreiht,He Dreiht,b06c0a44-9f60-4075-ad93-b25f0e452a80,20.2,0,match,54.35,6.2,960,unknown,,2025
wikipedia,Borkum Riffgrund 3,Borkum Riffgrund 1,580b48aa-2f5a-419a-b932-f7227d877f11,,1,match,,,913,unknown,,2025
wikipedia,Vineyard Wind,Vineyard Wind 1,f09d4fcf-6aa2-4e8a-872f-2f44a65535f3,37.0,2,match,41.03325,-70.61667,800,unknown,,2024
wikipedia,Revolution Wind,Revolution Wind,7c57b65b-bee3-427c-bb01-a3e2ed10d4bd,,0,match,,,704,unknown,,2024
wikipedia,Changfang,Thanet,055f1030-8c2e-4685-9203-03e0bb14cc32,,6,ambiguous,,,589,unknown,,2023
wikipedia,Guodian Xiangshan 1 phase 2,Guodian Jiangsu Offshore,3a57597b-949a-4f5f-bf40-3b725e974d5e,,12,new,,,500,unknown,,2025
wikipedia,Fécamp,Fécamp,9369aec4-d69b-41a4-856e-7dcb76aa369b,9.4,0,match,49.9042,0.2203,497,unknown,,2023
wikipedia,Baltic Eagle,Baltic 1,a02dad1e-8c35-4d41-b035-9832a09a5320,,5,ambiguous,,,476,unknown,,2025
wikipedia,Calvados,Rampion,20fd6448-2cf1-4619-8c79-b5e67c0d3535,139.0,6,ambiguous,49.456,-0.498,448,unknown,,2024
wikipedia,Chaozhou,Thanet,055f1030-8c2e-4685-9203-03e0bb14cc32,,6,ambiguous,,,43300,unknown,,
wikipedia,Sinan Korea Offshore,Samsø Offshore,c67c9a10-f508-4a4e-ac56-f350787e4222,,9,new,,,8200,unknown,,2030
wikipedia,Berwick Bank,Burbo Bank,5af75bb3-aacf-4932-8105-38f318ccab13,334.5,5,ambiguous,56.33333333,-1.61666667,4100,unknown,,2027
wikipedia,Ossian,Sofia,4dabc82d-af4f-4381-81e0-569684af076a,,4,ambiguous,,,3600,unknown,,
wikipedia,"East Anglia Hub
(formerly Norfolk Bank)",East Anglia Three,522ec019-ff6e-43f0-821e-0ffcf2bd9c60,45.0,23,new,52.90777778,2.62861111,3100,unknown,,2026
wikipedia,Med Wind,Belwind,8afe7a12-f5af-473b-82d4-bb4a4139ea6c,,3,match,,,2800,unknown,,2030
wikipedia,Hornsea Project Four,Hornsea Four,b38cb358-6ba7-4088-a8d4-ecee7ea9e1e9,58.0,8,new,53.885,1.791,2600,unknown,,
wikipedia,Southwest Offshore,Samsø Offshore,c67c9a10-f508-4a4e-ac56-f350787e4222,,7,new,,,2500,unknown,,
wikipedia,Hornsea Project Three,Hornsea Three,728c9548-98aa-43ad-9f6b-d1836d37a86b,31.5,8,new,53.885,1.791,2400,unknown,,
wikipedia,SouthCoast Wind,SouthCoast Wind,5db28059-067b-4a70-9826-1917da898abb,,0,match,,,2400,unknown,,
wikipedia,Wilmington East &amp; Wilmington West Wind Farm,East Anglia One,c7d6f890-dd07-4c1b-b48a-1adc326b1cca,,24,new,,,2250,unknown,,
wikipedia,Formosa III,Formosa 1,646f9aa6-2ea6-4809-a6cc-497ba4a11b28,,3,match,,,2000,unknown,,
wikipedia,IJmuiden Ver Alpha,Dogger Bank A,58675ff9-7203-4b52-ba65-1e9b1eaba131,,13,new,,,2000,unknown,,2029
wikipedia,IJmuiden Ver Beta,Dunkerque,9a5ae945-8b69-4d90-9233-c4484d425dbf,,12,new,,,2000,unknown,,2029
wikipedia,IJmuiden Ver Gamma,Sinan Jeonnam,66a90151-4449-4b77-82a2-a9d556c89b4c,,12,new,,,2000,unknown,,
wikipedia,OWF Bałtyk I,Bałtyk 2,207ad5f7-f94d-4125-b9ae-444bc4c6bbe4,,5,ambiguous,,,1560,unknown,,
wikipedia,Atlantic Shores,Atlantic Shores,ae03386e-adc8-4da7-8d51-18749328bf82,,0,match,,,1510,unknown,,2028
wikipedia,Norfolk Vanguard East,Norfolk Vanguard,e88c1819-cf59-4185-9929-94a3f3d30bbd,,5,ambiguous,,,1400,unknown,,
wikipedia,Norfolk Vanguard West,Norfolk Vanguard,e88c1819-cf59-4185-9929-94a3f3d30bbd,,5,ambiguous,,,1400,unknown,,
wikipedia,Norfolk Boreas,Norfolk Boreas,1895da9a-8a0f-4f98-88a6-f69b756c5392,,0,match,,,1400,unknown,,
wikipedia,"Dogger Bank C
(formerly Teesside A)",Dogger Bank A,58675ff9-7203-4b52-ba65-1e9b1eaba131,8.2,20,new,54.75,1.91666667,1200,unknown,,
wikipedia,Rampion 2,Rampion 2,b81e6233-2495-4ad9-b840-ea81f3822b0d,,0,match,,,1200,unknown,,
wikipedia,Beacon Wind,Belwind,8afe7a12-f5af-473b-82d4-bb4a4139ea6c,,5,ambiguous,,,1230,unknown,,2028
wikipedia,Baltic Power,Baltic Power,0702df14-ccd2-4c13-86ae-c4fe89464e95,,0,match,,,1140,unknown,,2026
wikipedia,Thor,Thor,89c62403-acd0-4d17-be4e-7f9ac587c373,,0,match,,,1008,unknown,,2027
wikipedia,Storgrundet,Utgrunden,8907ca7f-3ec4-45bc-829a-7637016ecb6c,,4,ambiguous,,,1000,unknown,,
wikipedia,Nordlicht I,Nordlicht 1,eb4eae99-25ba-463b-95e3-94dc73204d2b,,1,match,,,980,unknown,,2027
wikipedia,Skipjack,Sofia,4dabc82d-af4f-4381-81e0-569684af076a,,6,ambiguous,,,966,unknown,,2027
wikipedia,Gennaker,Galloper,52066368-128a-46c6-ba85-823227293b0b,,5,ambiguous,,,927,unknown,,2026
wikipedia,Sunrise Wind,Sunrise Wind,322724b4-bf77-43e2-aebe-4131ac606971,,0,match,,,880,unknown,,2024
wikipedia,Empire Wind,Empire Wind 1,8724df88-f934-41ae-b681-ecb80ddd04e6,22.5,2,match,40.299,-73.347,816,unknown,,2024
wikipedia,Park City Wind,Mayflower Wind,4418a777-cef1-4d2a-9fb0-6b668a5b73f1,69.2,8,new,40.86111111,-70.71111111,804,unknown,,2025
wikipedia,Kitty Hawk Wind,South Fork Wind,718b6953-9600-4d53-ad38-c8664006813e,,7,new,,,800,unknown,,2026
wikipedia,Hollandse Kust (West) VI,Hollandse Kust West VI,2443506a-1f91-4e10-a7b3-de6716aea3b2,41.0,0,match,52.68,3.77,750,unknown,,2026
wikipedia,Hollandse Kust (West) VII,Hollandse Kust West VII,7a6bcd73-11dc-4c0e-bfce-bd0d073851ce,42.6,0,match,52.68,3.77,750,unknown,,2026
wikipedia,OWF Bałtyk II,Bałtyk 2,207ad5f7-f94d-4125-b9ae-444bc4c6bbe4,,6,ambiguous,,,720,unknown,,2026
wikipedia,OWF Bałtyk III,Bałtyk 2,207ad5f7-f94d-4125-b9ae-444bc4c6bbe4,,7,new,,,720,unknown,,2026
wikipedia,Baltic Sea Energy Island I,Bornholm Energy Island,03aa3196-2d26-4ffc-a3c9-b5f9ce5d6764,,11,new,,,700,unknown,,2028
wikipedia,Baltic Sea Energy Island II,Bornholm Energy Island,03aa3196-2d26-4ffc-a3c9-b5f9ce5d6764,,12,new,,,700,unknown,,2030
wikipedia,Noirmoutier,Noirmoutier-Yeu,f10e7081-5ca7-4cb6-a9d5-a717d043bbe0,,4,ambiguous,,,488,unknown,,2025
wikipedia,Vindeby,Vindeby,e4ae48c5-9fda-4607-b38b-860b68c845c2,2983.4,0,match,54,58,,unknown,,1991
wikipedia,Yttre Stengrund,Yttre Stengrund,d4574d07-e688-4c06-b0e6-8627d7fd587a,238.8,0,match,56,12,,unknown,,2001
wikipedia,Fryslân,Fécamp,9369aec4-d69b-41a4-856e-7dcb76aa369b,346.7,5,ambiguous,53,0,,unknown,,2021
wikipedia,Hywind,Belwind,8afe7a12-f5af-473b-82d4-bb4a4139ea6c,,3,match,,,,unknown,,2009
wikipedia,Hywind Scotland,Hywind Scotland,cd7a3afb-8ec3-435b-b566-b7db90358176,1759.7,0,match,57,28,,unknown,,2017
wikipedia,Hywind Tampen,Hywind Tampen,cf11fa94-4a6b-4cd2-bd97-da295efb26cf,926.5,0,match,61,20,,unknown,,2022
wikipedia,Barrow,Barrow,25f7298c-ea70-4431-ae32-ea7846c56ca1,3985.2,0,match,53,59,90,unknown,GB,2006
wikipedia,Beatrice extension,Walney Extension,fc0b477c-b317-4291-afed-82a5a561cb77,734.0,7,new,58,6,588,unknown,GB,2019
wikipedia,Blyth Offshore Demonstrator,BARD Offshore 1,c966294f-758c-442a-b536-fb8fb6d1470d,,16,new,,,41.5,unknown,GB,2017
wikipedia,Burbo Bank,Burbo Bank,5af75bb3-aacf-4932-8105-38f318ccab13,2126.7,0,match,53,29,90,unknown,GB,2007
wikipedia,Burbo Bank Extension,Burbo Bank Extension,71d33437-203d-46e5-91c6-7aeffcff0c77,2134.0,0,match,53,29,258,unknown,GB,2017
wikipedia,European&#160;Offshore Wind Deployment Centre,Hellenic Offshore Wind,dee7dc0c-1bd7-44df-847d-c4b19946930d,2236.8,27,new,57,13,93,unknown,GB,2018
wikipedia,Galloper,Galloper,52066368-128a-46c6-ba85-823227293b0b,26.0,0,match,51.88,1.94,353,unknown,GB,2018
wikipedia,Gunfleet Sands 1 &amp; 2,Gode Wind 2,b61a9fea-9ecd-4d78-a6f1-c267c11e9721,2425.9,15,new,51,43,172,unknown,GB,2010
wikipedia,Gunfleet Sands 3 – Demonstration Project,Burbo Bank Extension,71d33437-203d-46e5-91c6-7aeffcff0c77,3110.9,29,new,51,43,12,unknown,GB,2013
wikipedia,Hornsea One,Hornsea One,e5e0429c-74f0-4490-be97-71d9ea9d8604,3319.7,0,match,53,53,1218,unknown,GB,2020
wikipedia,Hornsea Two,Hornsea Two,60b97c81-9883-4f21-8bbf-66483fd2bf9c,3313.9,0,match,53,53,1386,unknown,GB,2022
wikipedia,Humber Gateway,Dogger Bank A,58675ff9-7203-4b52-ba65-1e9b1eaba131,2355.1,9,new,53,38,219,unknown,GB,2015
wikipedia,Kentish Flats,Kentish Flats,215a6b32-5916-40c2-afbb-dec15506ca01,1798.3,0,match,51,27,140,unknown,GB,2005
wikipedia,Kincardine,Kincardine,28d20aa4-408a-42c0-af38-f8e197291afd,121.2,0,match,57,0,49.5,unknown,GB,2021
wikipedia,Lincs,Lincs,acfd5dca-fcbd-41f5-ac63-137eefee1e6d,698.2,0,match,53,11,270,unknown,GB,2013
wikipedia,Lynn and Inner Dowsing,Lynn and Inner Dowsing,04164e60-5f86-4509-9aaa-395df41a7a31,442.8,0,match,53,7,194,unknown,GB,2009
wikipedia,Methil,Thor,89c62403-acd0-4d17-be4e-7f9ac587c373,74.9,4,ambiguous,56,9,7,unknown,GB,2013
wikipedia,North Hoyle,North Hoyle,2f89b326-27cf-43fe-9afd-af430daf450c,1945.4,0,match,53,26,60,unknown,GB,2003
wikipedia,Ormonde,Gemini,8049838b-c453-4188-8614-5560ca86ef8f,4.0,5,match,54,6,150,unknown,GB,2012
wikipedia,Rhyl Flats,Rhyl Flats,39dc8bf9-3555-441e-82ed-bb14876686fb,1698.4,0,match,53,22,90,unknown,GB,2009
wikipedia,Robin Rigg,Robin Rigg,b104f47d-22db-4e38-966c-a5031b6fd6a5,3102.0,0,match,54,45,180,unknown,GB,2010
wikipedia,Scroby Sands,Scroby Sands,c6c432b9-8d47-4229-8480-70a000d59ac4,2429.2,0,match,52,38,60,unknown,GB,2004
wikipedia,Seagreen Phase 1,Seagreen,8426ba97-5bdb-4572-b9cc-4cedaaf8d5f2,2274.0,8,new,56,35.094,1400,unknown,GB,2023
wikipedia,Sheringham Shoal,Sheringham Shoal,151d4e84-d6a1-45da-a9fa-dc5b69b40b99,392.4,0,match,53,7,317,unknown,GB,2012
wikipedia,Teesside,Hesselø,3f0280f2-28c4-492e-9d49-bafde5378114,1677.3,5,ambiguous,54,38,62,unknown,GB,2013
wikipedia,Thanet,Thanet,055f1030-8c2e-4685-9203-03e0bb14cc32,1687.4,0,match,51,26,300,unknown,GB,2010
wikipedia,Walney,Walney 1,0ba0bb30-c4c0-4c82-9e14-2782ac74106f,429.6,2,match,54,3,367,unknown,GB,2010
wikipedia,Westermost Rough,Star of the South,94d12684-8ce8-4e9e-ba8d-af87ef60c68a,13928.6,10,new,53,48,210,unknown,GB,2015
wikipedia,West of Duddon Sands,West of Duddon Sands,42fe5731-4f50-49c7-a832-78dd43805103,4009.1,0,match,53,59,389,unknown,GB,2014
wikipedia,Sofia&#160;Offshore Wind Farm,Sofia,4dabc82d-af4f-4381-81e0-569684af076a,65.5,3,match,55,0,1400,unknown,GB,2026
wikipedia,Dogger&#160;Bank&#160;A,Dogger Bank A,58675ff9-7203-4b52-ba65-1e9b1eaba131,2817.2,6,ambiguous,54,46,1235,unknown,GB,2025
wikipedia,Dogger&#160;Bank&#160;B,Dogger Bank B,bbc2308f-5bf0-48c5-ae06-ff34b2c32801,3582.7,6,ambiguous,54,59,1235,unknown,GB,2027
wikipedia,Dogger&#160;Bank&#160;C,Dogger Bank C,d7f92230-0183-42b3-81d7-74ec94437575,102.7,6,ambiguous,55,1,1218,unknown,GB,2027
wikipedia,East&#160;Anglia Three,East Anglia Three,522ec019-ff6e-43f0-821e-0ffcf2bd9c60,,3,match,,,1372,unknown,GB,2026
wikipedia,Hornsea Three,Hornsea Three,728c9548-98aa-43ad-9f6b-d1836d37a86b,31.5,0,match,53.885,1.791,2852,unknown,GB,2027
wikipedia,Norfolk&#160;Vanguard West,Norfolk Vanguard,e88c1819-cf59-4185-9929-94a3f3d30bbd,3458.3,8,new,52,55,1545,unknown,GB,2028
wikipedia,Norfolk&#160;Vanguard East,Norfolk Vanguard,e88c1819-cf59-4185-9929-94a3f3d30bbd,3332.3,8,new,52,53,1545,unknown,GB,2028
wikipedia,TwinHub&#160;Floating&#160;Offshore Wind&#160;Project,Gippsland Offshore Wind,a0e2c2ff-36fd-4e69-bc65-937e30433867,,27,new,,,32,unknown,GB,
wikipedia,East&#160;Anglia Two,East Anglia Two,65675c8a-1a41-4dc0-9bf3-4e3087fff55a,,3,match,,,963,unknown,GB,2029
wikipedia,Green Volt OWF,Latvian OWF,c7701e39-234f-4a84-8b18-f1cef01d7ad3,1338.6,9,new,57.55166667,-1.60083333,400,unknown,GB,2029
wikipedia,Awel y Môr,Gwynt y Môr,a4280fa3-a5b8-47a8-ad21-d8af8dacd4e1,7.3,4,ambiguous,53.491,-3.611,775,unknown,GB,2030
wikipedia,Berwick Bank Phase B,Dogger Bank A,58675ff9-7203-4b52-ba65-1e9b1eaba131,280.0,13,new,56.33333333,-1.61666667,1380,unknown,GB,2030
wikipedia,Dogger Bank SE,Dogger Bank A,58675ff9-7203-4b52-ba65-1e9b1eaba131,8.2,2,match,54.75,1.91666667,1500,unknown,GB,2030
wikipedia,Dogger Bank SW,Dogger Bank A,58675ff9-7203-4b52-ba65-1e9b1eaba131,,2,match,,,1500,unknown,GB,2030
wikipedia,Erebus,Lincs,acfd5dca-fcbd-41f5-ac63-137eefee1e6d,456.1,5,ambiguous,51.494,-5.583,100,unknown,GB,2029
wikipedia,Pentland Floating OWF,Ulsan Floating,17e33780-5b90-42fe-bead-e271629596cf,8703.0,10,new,58.6296,-3.84036667,92.5,unknown,GB,2029
wikipedia,Forthwind,Northwind,25d2d816-be99-4458-a155-0bd508c8e58b,,1,match,,,12,unknown,GB,2023
wikipedia,East Anglia One North,East Anglia One,c7d6f890-dd07-4c1b-b48a-1adc326b1cca,,6,ambiguous,,,800,unknown,GB,2026
wikipedia,Rampion 2 Extension,Walney Extension,fc0b477c-b317-4291-afed-82a5a561cb77,2966.9,7,new,50,40,1200,unknown,GB,2030
wikipedia,Five Estuaries,SeaStar,4e0b0919-5158-4d9b-b6b8-a49e75c4ba27,,9,new,,,1080,unknown,GB,
wikipedia,North Falls,North Hoyle,2f89b326-27cf-43fe-9afd-af430daf450c,,4,ambiguous,,,504,unknown,GB,
wikipedia,Dogger Bank D,Dogger Bank A,58675ff9-7203-4b52-ba65-1e9b1eaba131,8.2,1,match,54.75,1.91666667,1320,unknown,GB,
wikipedia,Seagreen Phase 1A,Seagreen,8426ba97-5bdb-4572-b9cc-4cedaaf8d5f2,28.3,9,new,56.588,-1.741,500,unknown,GB,
wikipedia,Outer Dowsing,Outer Dowsing,414c9184-4fb5-40f6-a627-055153f5a722,,0,match,,,1500,unknown,GB,2030
wikipedia,Morecambe,Kårehamn,1e32c078-eed9-429c-b79d-3031480ab464,,5,ambiguous,,,480,unknown,GB,2028
wikipedia,Mona,Sofia,4dabc82d-af4f-4381-81e0-569684af076a,,3,match,,,1500,unknown,GB,
wikipedia,Morven,Norther,4cbb2487-0897-425e-b06b-a4e57399bdef,,4,ambiguous,,,2907,unknown,GB,
wikipedia,Bellrock,Beatrice,345cded3-1229-40e5-aa62-9304733f6d7b,,4,ambiguous,,,1200,unknown,GB,
wikipedia,CampionWind,Rampion,20fd6448-2cf1-4619-8c79-b5e67c0d3535,,5,ambiguous,,,2000,unknown,GB,
wikipedia,Muir Mhòr,Norther,4cbb2487-0897-425e-b06b-a4e57399bdef,,6,ambiguous,,,798,unknown,GB,
wikipedia,Bowdun,Sofia,4dabc82d-af4f-4381-81e0-569684af076a,,5,ambiguous,,,1008,unknown,GB,2029
wikipedia,Ayre,Barrow,25f7298c-ea70-4431-ae32-ea7846c56ca1,,4,ambiguous,,,1008,unknown,GB,2029
wikipedia,Broadshore,Rampion,20fd6448-2cf1-4619-8c79-b5e67c0d3535,,7,new,,,900,unknown,GB,
wikipedia,Caledonia,Arkona,8331f8df-7efc-455c-8046-f7e306b46496,,5,ambiguous,,,2000,unknown,GB,2030
wikipedia,Stromar,Sprogø,66e7c949-2056-46b3-8761-dcdd945e27a7,,4,ambiguous,,,1000,unknown,GB,
wikipedia,MarramWind,Northwind,25d2d816-be99-4458-a155-0bd508c8e58b,,5,ambiguous,,,3000,unknown,GB,
wikipedia,Buchan,Kårehamn,1e32c078-eed9-429c-b79d-3031480ab464,,4,ambiguous,,,960,unknown,GB,
wikipedia,West of Orkney,Hornsea One,e5e0429c-74f0-4490-be97-71d9ea9d8604,,10,new,,,2000,unknown,GB,
wikipedia,Havbredey,Seagreen,8426ba97-5bdb-4572-b9cc-4cedaaf8d5f2,,6,ambiguous,,,1500,unknown,GB,2036
wikipedia,"""N3 Project""",Sprogø,66e7c949-2056-46b3-8761-dcdd945e27a7,,7,new,,,495,unknown,GB,2030
wikipedia,Spiorad na Mara,London Array,82f4a006-4666-4b7c-bf2f-35203c258daa,,10,new,,,840,unknown,GB,2031
wikipedia,MachairWind,Kincardine,28d20aa4-408a-42c0-af38-f8e197291afd,,7,new,,,2000,unknown,GB,
wikipedia,Sheringham Shoal and Dudgeon Extensions,Sheringham Shoal,151d4e84-d6a1-45da-a9fa-dc5b69b40b99,,23,new,,,719,unknown,GB,
wikipedia,Llŷr 1,Lincs,acfd5dca-fcbd-41f5-ac63-137eefee1e6d,,4,ambiguous,,,100,unknown,GB,2027
wikipedia,Llŷr 2,Lincs,acfd5dca-fcbd-41f5-ac63-137eefee1e6d,,4,ambiguous,,,100,unknown,GB,2027
wikipedia,Whitecross,Lincs,acfd5dca-fcbd-41f5-ac63-137eefee1e6d,,7,new,,,100,unknown,GB,2027
wikipedia,Blyth Offshore,Samsø Offshore,c67c9a10-f508-4a4e-ac56-f350787e4222,189.9,5,ambiguous,55,8,4,unknown,GB,2019
wikipedia,Hornsea&#160;Four,Hornsea Four,b38cb358-6ba7-4088-a8d4-ecee7ea9e1e9,58.0,3,match,53.885,1.791,2400,unknown,GB,2025
wikipedia,Morgan,Sofia,4dabc82d-af4f-4381-81e0-569684af076a,,4,ambiguous,,,1500,unknown,GB,2026
wikipedia,Albatros,Barrow,25f7298c-ea70-4431-ae32-ea7846c56ca1,2090.1,4,ambiguous,54,29,112,unknown,DE,2019
wikipedia,Alpha Ventus,Alpha Ventus,b447509e-cfb1-469d-8c4f-1af7ab78ec7a,365.2,0,match,54,1,60,unknown,DE,2010
wikipedia,Amrumbank West,Amrumbank West,6142949e-b209-40ae-aa5b-c1485f96706e,1194.4,0,match,54,26,302,unknown,DE,2015
wikipedia,Arkona Wind Park&#160;&#91;de&#93;,Arkona,8331f8df-7efc-455c-8046-f7e306b46496,2044.2,10,new,54,46,385,unknown,DE,2018
wikipedia,Borkum Riffgrund I,Borkum Riffgrund 2,18f49317-f19d-4170-94f7-50672d1fe744,3327.2,1,match,53,58,312,unknown,DE,2015
wikipedia,Breitling,Belwind,8afe7a12-f5af-473b-82d4-bb4a4139ea6c,490.7,5,ambiguous,54,9,2.5,unknown,DE,2006
wikipedia,Butendiek,Butendiek,18b589fd-238a-4705-9d45-ceb697598f1f,431.5,0,match,55,1,288,unknown,DE,2015
wikipedia,DanTysk,Dan Tysk,0c4e46cc-c315-4bf1-b6f3-2be54931683a,113.5,1,match,55,8,288,unknown,DE,2015
wikipedia,Ems Emden,Utgrunden,8907ca7f-3ec4-45bc-829a-7637016ecb6c,412.4,6,ambiguous,53,19,4.5,unknown,DE,2004
wikipedia,Baltic 1,Baltic 1,a02dad1e-8c35-4d41-b035-9832a09a5320,1507.4,0,match,54,36,48.3,unknown,DE,2011
wikipedia,EnBW Baltic 2,Baltic 2,b4750e8f-ba69-43a4-9b68-6ff9e5c488df,839.0,5,ambiguous,55,0,288,unknown,DE,2015
wikipedia,Global Tech I,Global Tech I,e8f21142-4a38-47c1-9884-988df8468393,549.4,0,match,54,15,400,unknown,DE,2015
wikipedia,Gode Wind 1 &amp; 2,Gode Wind 1,3fd7bf55-4531-46ce-9ff9-eafbc2d3448b,264.6,6,ambiguous,54,3,582,unknown,DE,2016
wikipedia,Hooksiel,Hesselø,3f0280f2-28c4-492e-9d49-bafde5378114,1716.7,4,ambiguous,53,38,5,unknown,DE,2008
wikipedia,Meerwind Süd/Ost,Nordsee Ost,964d939e-3f1a-493e-8642-4c8483991966,1027.5,9,new,54,23,288,unknown,DE,2014
wikipedia,Merkur,Mermaid,8b0965d1-16da-4534-b720-96ab97a28d4d,289.6,4,ambiguous,54,2,396,unknown,DE,2019
wikipedia,Nordsee One,Nordsee One,91f9d2fd-f99d-4cd4-9e4d-f238fa20173d,3336.1,0,match,53,58,332,unknown,DE,2017
wikipedia,Nordsee Ost,Nordsee Ost,964d939e-3f1a-493e-8642-4c8483991966,1220.9,0,match,54,26,295,unknown,DE,2015
wikipedia,Riffgat,Sofia,4dabc82d-af4f-4381-81e0-569684af076a,2628.6,5,ambiguous,53,41,113,unknown,DE,2014
wikipedia,Sandbank,Vindeby,e4ae48c5-9fda-4607-b38b-860b68c845c2,4.6,6,match,55,11,288,unknown,DE,2017
wikipedia,Trianel Windpark Borkum (phase 1),Tamil Nadu Offshore,82fb587b-18f2-4d03-8d03-e3daa50e3d3d,8281.7,21,new,54,2,200,unknown,DE,2015
wikipedia,Wikinger,Wikinger,e05acd4d-9c30-49c4-886b-4b457bbc0602,2300.9,0,match,54,50,350,unknown,DE,2018
wikipedia,"Trianel Windpark Borkum
(phase 2)",Tamil Nadu Offshore,82fb587b-18f2-4d03-8d03-e3daa50e3d3d,,21,new,,,200,unknown,DE,2020
wikipedia,Kaskasi,Kaskasi,e5985cdf-7edf-432c-a803-a3f88d9e574b,38.2,0,match,54.4833,7.6833,342,unknown,DE,2022
wikipedia,Gode Wind 3,Gode Wind 1,3fd7bf55-4531-46ce-9ff9-eafbc2d3448b,,1,match,,,242,unknown,DE,2024
wikipedia,Horns Rev III,Horns Rev 3,1cf996bc-2252-4113-be45-6e76580e83f4,2130.1,3,match,55,42,406.7,unknown,DK,2019
wikipedia,Vesterhav,Hesselø,3f0280f2-28c4-492e-9d49-bafde5378114,697.3,6,ambiguous,56,23,344,unknown,DK,2024
wikipedia,Horns Rev II,Horns Rev 3,1cf996bc-2252-4113-be45-6e76580e83f4,1761.2,2,match,55,36,209,unknown,DK,2009
wikipedia,Rødsand II,Rødsand 2,d6ac4c5f-df29-4429-9dd9-7b8836a38c18,1368.2,2,match,54,33,207,unknown,DK,2010
wikipedia,Nysted (Rødsand I),Rødsand 2,d6ac4c5f-df29-4429-9dd9-7b8836a38c18,1368.2,8,new,54,33,166,unknown,DK,2003
wikipedia,Horns Rev I,Horns Rev 3,1cf996bc-2252-4113-be45-6e76580e83f4,1451.4,1,match,55,31,160,unknown,DK,2002
wikipedia,Middelgrunden wind farm,Middelgrunden,e05456c0-07e2-451b-993a-9343f8776cfa,1780.0,0,match,55,41,40,unknown,DK,2000
wikipedia,Samsø,Fécamp,9369aec4-d69b-41a4-856e-7dcb76aa369b,2898.4,3,match,55,43,23,unknown,DK,2003
wikipedia,Sprogø,Sprogø,66e7c949-2056-46b3-8761-dcdd945e27a7,575.6,0,match,55,20,21,unknown,DK,2009
wikipedia,Rønland 1,Rødsand 2,d6ac4c5f-df29-4429-9dd9-7b8836a38c18,1715.1,3,match,56,39,17.2,unknown,DK,2003
wikipedia,Avedøre Holme,Kårehamn,1e32c078-eed9-429c-b79d-3031480ab464,1181.2,8,new,55,36,10.8,unknown,DK,2009
wikipedia,Frederikshavn,Kårehamn,1e32c078-eed9-429c-b79d-3031480ab464,529.2,8,new,57,26,7.6,unknown,DK,2003
wikipedia,Tunø Knob,Yunlin,98a998a6-57c3-4598-bfde-8906b227e26d,6116.5,5,ambiguous,55,58,5,unknown,DK,1995
wikipedia,Windplan Groen,London Array,82f4a006-4666-4b7c-bf2f-35203c258daa,,9,new,,,500,unknown,NL,2024
wikipedia,Noordoostpolder,Nordsee One,91f9d2fd-f99d-4cd4-9e4d-f238fa20173d,194.1,9,new,52.721,5.583,429,unknown,NL,2017
wikipedia,Princess Ariane Windpark,Prinses Amalia (Q7),ee66e3c1-69d1-4fc8-b843-1474b454f4c4,,14,new,,,360,unknown,NL,2020
wikipedia,Windplan Blauw,WindFloat Atlantic,7805aa15-61cf-4614-bd33-4a78fe729b74,,9,new,,,339.2,unknown,NL,2024
wikipedia,Zeewolde,Ormonde,79a3dbc3-e48e-4919-96d9-587458a2c1fa,,5,ambiguous,,,321.5,unknown,NL,2022
wikipedia,De Drentse Monden en Oostermoer,Neart na Gaoithe,2f00be80-8d78-4999-a369-cfb46a2fb6ee,,22,new,,,175.5,unknown,NL,2021
wikipedia,Westereems,Seagreen,8426ba97-5bdb-4572-b9cc-4cedaaf8d5f2,,6,ambiguous,,,171,unknown,NL,2009
wikipedia,Windpark N33,Kincardine,28d20aa4-408a-42c0-af38-f8e197291afd,,7,new,,,147,unknown,NL,2021
wikipedia,Princess Alexia Windpark,Prinses Amalia (Q7),ee66e3c1-69d1-4fc8-b843-1474b454f4c4,,13,new,,,122.4,unknown,NL,2013
wikipedia,Windpark Maasvlakte 2,WindFloat Atlantic,7805aa15-61cf-4614-bd33-4a78fe729b74,,13,new,,,116.7,unknown,NL,2023
wikipedia,Windpark Krammer,Hywind Tampen,cf11fa94-4a6b-4cd2-bd97-da295efb26cf,1056.7,10,new,51.659722,4.163139,102,unknown,NL,2018
wikipedia,Windpark Oostpolder,Vineyard Wind 1,f09d4fcf-6aa2-4e8a-872f-2f44a65535f3,,13,new,,,97.6,unknown,NL,2021
wikipedia,Windpark Kreekraksluis,London Array,82f4a006-4666-4b7c-bf2f-35203c258daa,,16,new,,,82.5,unknown,NL,2013
wikipedia,Windpark Kroningswind,Vineyard Wind 1,f09d4fcf-6aa2-4e8a-872f-2f44a65535f3,,14,new,,,79.8,unknown,NL,2022
wikipedia,Windpark Oosterhorn,Samsø Offshore,c67c9a10-f508-4a4e-ac56-f350787e4222,,13,new,,,77.4,unknown,NL,2021
wikipedia,Windpark Delfzijl Zuid,Vineyard Wind 1,f09d4fcf-6aa2-4e8a-872f-2f44a65535f3,,15,new,,,75,unknown,NL,2006
wikipedia,Windpark Delfzijl Zuid Uitbreiding,Canary Islands Floating,8014a1e0-d6a3-4df9-8663-ab311dd61a53,,24,new,,,65,unknown,NL,2024
wikipedia,GroWind,Belwind,8afe7a12-f5af-473b-82d4-bb4a4139ea6c,,3,match,,,63,unknown,NL,2008
wikipedia,Windpark Delfzijl Noord,Hollandse Kust Noord,0ab338fe-ed48-487a-a969-d881c3e4bda5,,15,new,,,62.7,unknown,NL,2015
wikipedia,Windpark Geefsweer,Egmond aan Zee (OWEZ),6a963848-917d-44d6-bf70-c97a54f0822f,,12,new,,,60.2,unknown,NL,2021
wikipedia,Windpark Slufterdam,Vineyard Wind 1,f09d4fcf-6aa2-4e8a-872f-2f44a65535f3,,13,new,,,50.4,unknown,NL,2018
wikipedia,Energiepark Pottendijk,Burbo Bank Extension,71d33437-203d-46e5-91c6-7aeffcff0c77,,14,new,,,50.4,unknown,NL,2023
wikipedia,Windpark Deil,Kincardine,28d20aa4-408a-42c0-af38-f8e197291afd,,8,new,,,46,unknown,NL,2020
wikipedia,Windpark Koegorspolder,Neart na Gaoithe,2f00be80-8d78-4999-a369-cfb46a2fb6ee,,16,new,,,42,unknown,NL,2007
wikipedia,Windpark Nij Hiddum-Houw,Neart na Gaoithe,2f00be80-8d78-4999-a369-cfb46a2fb6ee,,17,new,,,41.8,unknown,NL,2022
wikipedia,Wind farms in the North Sea,South Celtic Sea,43582d61-2421-49d8-931f-773d9174a42f,914.6,10,new,56,3,,unknown,NL,
wikipedia,Egmond aan Zee,Egmond aan Zee (OWEZ),6a963848-917d-44d6-bf70-c97a54f0822f,4.9,5,match,52.6,4.42,108,unknown,NL,2007
wikipedia,Princess Amalia,Prinses Amalia (Q7),ee66e3c1-69d1-4fc8-b843-1474b454f4c4,18.9,5,ambiguous,52.5894,4.2063,120,unknown,NL,2008
wikipedia,Luchterduinen,Luchterduinen,d67e3f96-4d65-48cc-ada7-43487629c041,6.5,0,match,52.42,4.17,129,unknown,NL,2015
wikipedia,Gemini,Gemini,8049838b-c453-4188-8614-5560ca86ef8f,2.0,0,match,54.036,5.963,600,unknown,NL,2017
wikipedia,Borssele I–II,Borssele II,a11975f2-38e2-4f53-a323-e8033343a518,12.4,2,match,51.72,3,752,unknown,NL,2020
wikipedia,Borssele III–IV,Borssele III/IV,ed2ca692-c336-458f-879e-5f7c1edd56dd,17.4,1,match,51.72,3,731.5,unknown,NL,2021
wikipedia,Borssele V,Borssele I,ee53449c-263b-4fb5-a8ec-3670b6d7ae2f,3.6,1,match,51.72,3,19,unknown,NL,2021
wikipedia,Hollandse Kust (Zuid) I–IV,Hollandse Kust Zuid 1+2,a0830fa8-b130-495c-831f-b07a966fb687,32.5,4,ambiguous,52.366667,4.116667,1529,unknown,NL,2024
wikipedia,Hollandse Kust (Noord) V,Hollandse Kust Noord,0ab338fe-ed48-487a-a969-d881c3e4bda5,23.6,2,match,52.7151,4.251,759,unknown,NL,2023
wikipedia,Wind farms in the IJsselmeer,EnBW Hohe See,a12be266-dec9-4ece-aefa-4dd0f7279c8e,187.7,13,new,52.81666667,5.25,,unknown,NL,
wikipedia,Lely (decommissioned 2016),BARD Offshore 1,c966294f-758c-442a-b536-fb8fb6d1470d,,17,new,,,2,unknown,NL,1994
wikipedia,Irene Vorrink (decommissioned 2022),Burbo Bank Extension,71d33437-203d-46e5-91c6-7aeffcff0c77,,24,new,,,16.8,unknown,NL,1996
wikipedia,Westermeerwind (Noordoostpolder),Sørlige Nordsjø II,432f2199-7853-4b82-a8dc-008196eb508d,531.6,21,new,52.721,5.583,144,unknown,NL,2016
wikipedia,Friesland,Belwind,8afe7a12-f5af-473b-82d4-bb4a4139ea6c,223.8,6,ambiguous,53,5.2667,380,unknown,NL,2021
wikipedia,IJsselmeer Buitendijks (Windplan Blauw),Empire Wind 1,8724df88-f934-41ae-b681-ecb80ddd04e6,,27,new,,,132,unknown,NL,2024
wikipedia,Nederwiek (Zuid) I,Gode Wind 1,3fd7bf55-4531-46ce-9ff9-eafbc2d3448b,,10,new,,,2000,unknown,NL,2030
wikipedia,Nederwiek (Noord) II,Sørlige Nordsjø II,432f2199-7853-4b82-a8dc-008196eb508d,,10,new,,,2000,unknown,NL,2032
wikipedia,Nederwiek (Noord) III,Sørlige Nordsjø II,432f2199-7853-4b82-a8dc-008196eb508d,,11,new,,,2000,unknown,NL,2031
wikipedia,Doordewind I,Gode Wind 1,3fd7bf55-4531-46ce-9ff9-eafbc2d3448b,,5,ambiguous,,,2000,unknown,NL,2032
wikipedia,Ten noorden van de Waddeneilanden I,Ten Noorden van de Waddeneilanden,1b55d7b6-73a4-4aec-b620-e2c75b60c64e,,2,match,,,700,unknown,NL,2033
wikipedia,Hollandse Kust (West) VIII,Hollandse Kust West VII,7a6bcd73-11dc-4c0e-bfce-bd0d073851ce,42.6,1,match,52.68,3.77,700,unknown,NL,
wikipedia,Amercoeur Power Station,Baltic Power,0702df14-ccd2-4c13-86ae-c4fe89464e95,756.0,16,new,50,25,420,unknown,BE,
wikipedia,Drogenbos Power Station,EnBW Hohe See,a12be266-dec9-4ece-aefa-4dd0f7279c8e,2860.9,15,new,50,48,460,unknown,BE,
wikipedia,Herdersbrug Power Station,Burbo Bank Extension,71d33437-203d-46e5-91c6-7aeffcff0c77,1276.1,17,new,51,15,460,unknown,BE,
wikipedia,IVBO Brugge Power Station,Burbo Bank Extension,71d33437-203d-46e5-91c6-7aeffcff0c77,1276.1,16,new,51,15,305,unknown,BE,
wikipedia,Knippegroen Power Station,Noshiro Port,1e9d7b61-183b-4046-aeaa-868e77d60629,8814.0,17,new,51,9,305,unknown,BE,
wikipedia,Lanaken Power Station,Walney Extension,fc0b477c-b317-4291-afed-82a5a561cb77,3791.3,13,new,50,53,43,unknown,BE,
wikipedia,Oorderen Power Station,Nordsee Ost,964d939e-3f1a-493e-8642-4c8483991966,821.8,14,new,51,18,43,unknown,BE,
wikipedia,Saint-Ghislain Power Station,Canary Islands Floating,8014a1e0-d6a3-4df9-8663-ab311dd61a53,4327.2,18,new,50,28,350,unknown,BE,
wikipedia,Scheldelaan Exxonmobil Power Station,Hollandse Kust West VII,7a6bcd73-11dc-4c0e-bfce-bd0d073851ce,750.5,25,new,51,15,140,unknown,BE,
wikipedia,Zandvliet Power Station,Walney Extension,fc0b477c-b317-4291-afed-82a5a561cb77,1754.7,14,new,51,22,474,unknown,BE,
wikipedia,Vilvoorde Power Station,Baltic Power,0702df14-ccd2-4c13-86ae-c4fe89464e95,2628.9,16,new,50,56,255,unknown,BE,
wikipedia,Inesco Power Station,Baltic Power,0702df14-ccd2-4c13-86ae-c4fe89464e95,507.4,14,new,51,14,135,unknown,BE,
wikipedia,T-Power Power Station,Outer Dowsing,414c9184-4fb5-40f6-a627-055153f5a722,311.0,14,new,51,3,425,unknown,BE,
wikipedia,Biostroom Oostende Power Station,Burbo Bank Extension,71d33437-203d-46e5-91c6-7aeffcff0c77,1079.3,21,new,51,12,19.4,unknown,BE,
wikipedia,Angeleur Power Station,Baltic Power,0702df14-ccd2-4c13-86ae-c4fe89464e95,1427.7,15,new,50,37,178,unknown,BE,
wikipedia,Beveren Power Station,Baltic Power,0702df14-ccd2-4c13-86ae-c4fe89464e95,451.6,14,new,51,17,86,unknown,BE,
wikipedia,Izegem Power Station,Walney Extension,fc0b477c-b317-4291-afed-82a5a561cb77,3915.7,13,new,50,55,20,unknown,BE,
wikipedia,Ham Power Station,Mayflower Wind,4418a777-cef1-4d2a-9fb0-6b668a5b73f1,5500.2,10,new,51,3,116,unknown,BE,
wikipedia,Gent-Ringvaart Power Station,Lynn and Inner Dowsing,04164e60-5f86-4509-9aaa-395df41a7a31,444.7,20,new,51,6,385,unknown,BE,
wikipedia,Jemeppe-sur-Sambre Power Station,Dieppe-Le Tréport,19497ec6-b920-47d5-9bc3-44a8cfc891a4,1750.3,22,new,50,26,106,unknown,BE,
wikipedia,Monsin Power Station,Baltic Power,0702df14-ccd2-4c13-86ae-c4fe89464e95,1551.4,13,new,50,39,19.7,unknown,BE,
wikipedia,Seraign Power Station,Sørlige Nordsjø II,432f2199-7853-4b82-a8dc-008196eb508d,2131.2,12,new,50,36,170,unknown,BE,
wikipedia,Marcinelle Power Station,Walney Extension,fc0b477c-b317-4291-afed-82a5a561cb77,1928.3,15,new,50,24,413,unknown,BE,
wikipedia,Gallée Energy Power Plant,Bornholm Energy Island,03aa3196-2d26-4ffc-a3c9-b5f9ce5d6764,,15,new,,,,unknown,BE,
wikipedia,"Doel Nuclear Power Station, Unit 1",Estonian OWF Zone 1,37ecc42f-2775-449f-9701-1e65ab57c7a6,916.8,23,new,51,19,433,unknown,BE,
wikipedia,"Doel Nuclear Power Station, Unit 2",Hollandse Kust Zuid 1+2,a0830fa8-b130-495c-831f-b07a966fb687,1041.1,23,new,51,19,433,unknown,BE,
wikipedia,"Doel Nuclear Power Station, Unit 3",Outer Dowsing,414c9184-4fb5-40f6-a627-055153f5a722,1256.1,23,new,51,19,1006,unknown,BE,
wikipedia,"Doel Nuclear Power Station, Unit 4",Outer Dowsing,414c9184-4fb5-40f6-a627-055153f5a722,1256.1,23,new,51,19,1038,unknown,BE,
wikipedia,"Tihange Nuclear Power Station, Unit 1",Estonian OWF Zone 1,37ecc42f-2775-449f-9701-1e65ab57c7a6,1171.3,26,new,50,32,962,unknown,BE,
wikipedia,"Tihange Nuclear Power Station, Unit 2",Hollandse Kust West VII,7a6bcd73-11dc-4c0e-bfce-bd0d073851ce,1928.1,26,new,50,32,1008,unknown,BE,
wikipedia,"Tihange Nuclear Power Station, Unit 3",Hollandse Kust West VII,7a6bcd73-11dc-4c0e-bfce-bd0d073851ce,1928.1,26,new,50,32,1054,unknown,BE,
wikipedia,C-Power,Galloper,52066368-128a-46c6-ba85-823227293b0b,,5,ambiguous,,,325,unknown,BE,
wikipedia,Belwind,Belwind,8afe7a12-f5af-473b-82d4-bb4a4139ea6c,,0,match,,,171,unknown,BE,
wikipedia,Northwind,Northwind,25d2d816-be99-4458-a155-0bd508c8e58b,,0,match,,,216,unknown,BE,
wikipedia,Bellwind II/NobelWind,Hywind Scotland,cd7a3afb-8ec3-435b-b566-b7db90358176,,11,new,,,165,unknown,BE,
wikipedia,Rentel,Rentel,ded56bfe-cda2-449e-ae29-ce38478e9d9a,,0,match,,,307,unknown,BE,
wikipedia,Norther,Norther,4cbb2487-0897-425e-b06b-a4e57399bdef,,0,match,,,370,unknown,BE,
wikipedia,Northwester 2,Northwester 2,2a6fb9c9-0b29-4b1f-98ee-d58c18588c78,,0,match,,,219,unknown,BE,
wikipedia,SeaMade SeaStar,SeaStar,4e0b0919-5158-4d9b-b6b8-a49e75c4ba27,,8,new,,,252,unknown,BE,
wikipedia,SeaMade Mermaid,Mermaid,8b0965d1-16da-4534-b720-96ab97a28d4d,,8,new,,,235.2,unknown,BE,
wikipedia,Zephiros,Sprogø,66e7c949-2056-46b3-8761-dcdd945e27a7,,5,ambiguous,,,16.1,unknown,BE,
wikipedia,Puurs,Lincs,acfd5dca-fcbd-41f5-ac63-137eefee1e6d,,4,ambiguous,,,6.9,unknown,BE,
wikipedia,Middelkerke,Middelgrunden,e05456c0-07e2-451b-993a-9343f8776cfa,,6,ambiguous,,,1.56,unknown,BE,
wikipedia,Noorderkempen,Aberdeen Offshore Wind Farm,35b771ab-0fae-4edb-9e20-05e15909e0af,,8,new,,,22.1,unknown,BE,
wikipedia,Kapelle-op-den-Bos,Galloper,52066368-128a-46c6-ba85-823227293b0b,,12,new,,,1.2,unknown,BE,
wikipedia,Brugge,Dudgeon,391c81c5-93a9-4b0d-8c9f-2d9aa28f521c,,5,ambiguous,,,4.2,unknown,BE,
wikipedia,Transeeklo,Thanet,055f1030-8c2e-4685-9203-03e0bb14cc32,,6,ambiguous,,,1.8,unknown,BE,
wikipedia,Puurs(A12/Rupeltunnel),Luchterduinen,d67e3f96-4d65-48cc-ada7-43487629c041,,14,new,,,4,unknown,BE,
wikipedia,Lommel-Balendijk,Butendiek,18b589fd-238a-4705-9d45-ceb697598f1f,,10,new,,,8,unknown,BE,
wikipedia,Zeebrugge,Beatrice,345cded3-1229-40e5-aa62-9304733f6d7b,,6,ambiguous,,,12,unknown,BE,
wikipedia,Izegem Bosmolens,Dogger Bank A,58675ff9-7203-4b52-ba65-1e9b1eaba131,,12,new,,,4.6,unknown,BE,
wikipedia,Hasselt Godsheide,Samsø Offshore,c67c9a10-f508-4a4e-ac56-f350787e4222,,11,new,,,4,unknown,BE,
wikipedia,Diest-Bekkevoort,Dieppe-Le Tréport,19497ec6-b920-47d5-9bc3-44a8cfc891a4,,9,new,,,11.5,unknown,BE,
wikipedia,Halen,Thanet,055f1030-8c2e-4685-9203-03e0bb14cc32,,3,match,,,11.5,unknown,BE,
wikipedia,Izegem-Mandel,Dogger Bank A,58675ff9-7203-4b52-ba65-1e9b1eaba131,,9,new,,,4,unknown,BE,
wikipedia,Maaseik,Thanet,055f1030-8c2e-4685-9203-03e0bb14cc32,,5,ambiguous,,,6,unknown,BE,
wikipedia,Brecht,Lincs,acfd5dca-fcbd-41f5-ac63-137eefee1e6d,,5,ambiguous,,,6,unknown,BE,
wikipedia,Beringen,Aberdeen Offshore Wind Farm,35b771ab-0fae-4edb-9e20-05e15909e0af,,4,ambiguous,,,4.6,unknown,BE,
wikipedia,Hasselt Centrale Werkplaatsen,East Anglia One,c7d6f890-dd07-4c1b-b48a-1adc326b1cca,,21,new,,,4.6,unknown,BE,
wikipedia,Wuustwezel-Hoogstraten,Seagreen,8426ba97-5bdb-4572-b9cc-4cedaaf8d5f2,,16,new,,,16.1,unknown,BE,
wikipedia,Beringen Albertkanaal,Triton Knoll,4dba7f09-3891-444e-8162-d118166e358a,,14,new,,,4.6,unknown,BE,
wikipedia,Beringen Ravenshout,Sheringham Shoal,151d4e84-d6a1-45da-a9fa-dc5b69b40b99,,11,new,,,2,unknown,BE,
wikipedia,Bilzen-Riemst,Butendiek,18b589fd-238a-4705-9d45-ceb697598f1f,,8,new,,,10.4,unknown,BE,
wikipedia,Dilsen-Stokkem,Dan Tysk,0c4e46cc-c315-4bf1-b6f3-2be54931683a,,10,new,,,6,unknown,BE,
wikipedia,Genk North,Veja Mate,7f89fda6-8ae7-4bd8-8813-aba0946b584f,,7,new,,,4,unknown,BE,
wikipedia,Genk South II,Borssele II,a11975f2-38e2-4f53-a323-e8033343a518,,9,new,,,8,unknown,BE,
wikipedia,Ham Albertkanaal I,Hai Long 2,bc0111d9-98e5-4e09-9b19-21bfc3b18cf1,,12,new,,,4,unknown,BE,
wikipedia,Ham Albertkanaal II,Hai Long 2,bc0111d9-98e5-4e09-9b19-21bfc3b18cf1,,13,new,,,4.1,unknown,BE,
wikipedia,Lommel Kristalpark,Kriegers Flak,959fc20b-9360-4450-b1b8-47dce8f4f0cb,,12,new,,,10,unknown,BE,
wikipedia,Lommel Kolenhaven,Hornsea One,e5e0429c-74f0-4490-be97-71d9ea9d8604,,12,new,,,4,unknown,BE,
wikipedia,Maasmechelen Oude Bunders,Scroby Sands,c6c432b9-8d47-4229-8480-70a000d59ac4,,18,new,,,4,unknown,BE,
wikipedia,Riemst E313,Rentel,ded56bfe-cda2-449e-ae29-ce38478e9d9a,,7,new,,,10.4,unknown,BE,
wikipedia,Tessenderlo Ravenshout,Sheringham Shoal,151d4e84-d6a1-45da-a9fa-dc5b69b40b99,,15,new,,,2,unknown,BE,
wikipedia,Tessenderlo Schoonhees,Estonian OWF Zone 1,37ecc42f-2775-449f-9701-1e65ab57c7a6,,15,new,,,9,unknown,BE,
wikipedia,Bruges Pathoekeweg retrofit,Dieppe-Le Tréport,19497ec6-b920-47d5-9bc3-44a8cfc891a4,,19,new,,,11.5,unknown,BE,
wikipedia,Gistel,Rentel,ded56bfe-cda2-449e-ae29-ce38478e9d9a,,3,match,,,9.2,unknown,BE,
wikipedia,Ypres,Sprogø,66e7c949-2056-46b3-8761-dcdd945e27a7,,3,match,,,6.9,unknown,BE,
wikipedia,Antwerp Left bank,Race Bank,17f40b94-5c52-48db-9096-d771f27f8ef6,,10,new,,,45,unknown,BE,
wikipedia,Antwerp Left bank II,Arklow Bank 2,5929a89a-5241-4b7b-a3b9-629bee6c192a,,11,new,,,3.2,unknown,BE,
wikipedia,Antwerp Left bank III,Arklow Bank 2,5929a89a-5241-4b7b-a3b9-629bee6c192a,,12,new,,,12,unknown,BE,
wikipedia,Antwerp Left bank IV,Arklow Bank 2,5929a89a-5241-4b7b-a3b9-629bee6c192a,,11,new,,,3.2,unknown,BE,
wikipedia,Antwerp Right bank I,Dogger Bank A,58675ff9-7203-4b52-ba65-1e9b1eaba131,,12,new,,,15,unknown,BE,
wikipedia,Antwerp Right bank II,Dogger Bank A,58675ff9-7203-4b52-ba65-1e9b1eaba131,,13,new,,,11.75,unknown,BE,
wikipedia,Hoogstraten E19,Horns Rev 1,3aa5e64e-b21d-40d5-a7ba-bfc99bb220ae,,8,new,,,6.9,unknown,BE,
wikipedia,Diest,Lincs,acfd5dca-fcbd-41f5-ac63-137eefee1e6d,,4,ambiguous,,,3.4,unknown,BE,
wikipedia,Assenede,Ormonde,79a3dbc3-e48e-4919-96d9-587458a2c1fa,,5,ambiguous,,,12,unknown,BE,
wikipedia,Dendermonde,Ormonde,79a3dbc3-e48e-4919-96d9-587458a2c1fa,,5,ambiguous,,,2,unknown,BE,
wikipedia,Eeklo,Sofia,4dabc82d-af4f-4381-81e0-569684af076a,,5,ambiguous,,,1.8,unknown,BE,
wikipedia,Haaltert,Thanet,055f1030-8c2e-4685-9203-03e0bb14cc32,,5,ambiguous,,,9.2,unknown,BE,
wikipedia,Zele,Rentel,ded56bfe-cda2-449e-ae29-ce38478e9d9a,,4,ambiguous,,,6.9,unknown,BE,
wikipedia,Ieperlee,Beatrice,345cded3-1229-40e5-aa62-9304733f6d7b,,5,ambiguous,,,20.7,unknown,BE,
wikipedia,De put,Thanet,055f1030-8c2e-4685-9203-03e0bb14cc32,,5,ambiguous,,,1.6,unknown,BE,
wikipedia,Halle,Thanet,055f1030-8c2e-4685-9203-03e0bb14cc32,,4,ambiguous,,,1.65,unknown,BE,
wikipedia,Eeklo2,Barrow,25f7298c-ea70-4431-ae32-ea7846c56ca1,,5,ambiguous,,,4.6,unknown,BE,
wikipedia,Melle,Rentel,ded56bfe-cda2-449e-ae29-ce38478e9d9a,,4,ambiguous,,,6.9,unknown,BE,
wikipedia,Hamme,Thanet,055f1030-8c2e-4685-9203-03e0bb14cc32,,4,ambiguous,,,4.6,unknown,BE,
wikipedia,Kluizendok,Butendiek,18b589fd-238a-4705-9d45-ceb697598f1f,,6,ambiguous,,,22,unknown,BE,
wikipedia,Ford Genk,Race Bank,17f40b94-5c52-48db-9096-d771f27f8ef6,,6,ambiguous,,,4,unknown,BE,
wikipedia,Bobbejaanland,Block Island Wind Farm,bd300298-00ce-4b34-b4d8-75e4b96f5390,,8,new,,,0.66,unknown,BE,
wikipedia,Schelle,Anholt,048946f5-da7e-4d5b-8176-6fe00db20126,,5,ambiguous,,,4.5,unknown,BE,
wikipedia,Rodenhuize,Robin Rigg,b104f47d-22db-4e38-966c-a5031b6fd6a5,,6,ambiguous,,,4.1,unknown,BE,
wikipedia,Wondelgem,Wikinger,e05acd4d-9c30-49c4-886b-4b457bbc0602,,6,ambiguous,,,4,unknown,BE,
wikipedia,Volvo Trucks,Lincs,acfd5dca-fcbd-41f5-ac63-137eefee1e6d,,9,new,,,6,unknown,BE,
wikipedia,Izegem,Dudgeon,391c81c5-93a9-4b0d-8c9f-2d9aa28f521c,,5,ambiguous,,,4,unknown,BE,
wikipedia,BASF,Barrow,25f7298c-ea70-4431-ae32-ea7846c56ca1,,4,ambiguous,,,12,unknown,BE,
wikipedia,Volvo Cars,Lincs,acfd5dca-fcbd-41f5-ac63-137eefee1e6d,,7,new,,,6.15,unknown,BE,
wikipedia,Celanese,Lincs,acfd5dca-fcbd-41f5-ac63-137eefee1e6d,,5,ambiguous,,,8,unknown,BE,
wikipedia,DS Textile,Beatrice,345cded3-1229-40e5-aa62-9304733f6d7b,,7,new,,,4.7,unknown,BE,
wikipedia,Brugge I,Dudgeon,391c81c5-93a9-4b0d-8c9f-2d9aa28f521c,,5,ambiguous,,,3,unknown,BE,
wikipedia,Zedelgem,Dudgeon,391c81c5-93a9-4b0d-8c9f-2d9aa28f521c,,6,ambiguous,,,1.8,unknown,BE,
wikipedia,Brugge III,Gemini,8049838b-c453-4188-8614-5560ca86ef8f,,6,ambiguous,,,12.6,unknown,BE,
wikipedia,Evolis,Sofia,4dabc82d-af4f-4381-81e0-569684af076a,,4,ambiguous,,,8,unknown,BE,
wikipedia,Kallo,Galloper,52066368-128a-46c6-ba85-823227293b0b,,4,ambiguous,,,2,unknown,BE,
wikipedia,Maldegem,Galloper,52066368-128a-46c6-ba85-823227293b0b,,5,ambiguous,,,16.1,unknown,BE,
wikipedia,Berlare,Mermaid,8b0965d1-16da-4534-b720-96ab97a28d4d,,4,ambiguous,,,9.2,unknown,BE,
wikipedia,Braemland I,Rødsand 2,d6ac4c5f-df29-4429-9dd9-7b8836a38c18,,6,ambiguous,,,6,unknown,BE,
wikipedia,Braemland II,Rødsand 2,d6ac4c5f-df29-4429-9dd9-7b8836a38c18,,7,new,,,4,unknown,BE,
wikipedia,Duikeldam,Dunkerque,9a5ae945-8b69-4d90-9233-c4484d425dbf,,5,ambiguous,,,8.2,unknown,BE,
wikipedia,Lommel-Umicore,Beleolico,868b83e6-d396-459f-bbca-2ca6761a1bc4,,9,new,,,8,unknown,BE,
wikipedia,Gistelwind,Belwind,8afe7a12-f5af-473b-82d4-bb4a4139ea6c,,4,ambiguous,,,13.5,unknown,BE,
wikipedia,Nike Wind Park,Lincs,acfd5dca-fcbd-41f5-ac63-137eefee1e6d,387.1,4,ambiguous,51.0992,5.0903,9,unknown,BE,
wikipedia,Antwerpen Rechteroever,Hornsea Three,728c9548-98aa-43ad-9f6b-d1836d37a86b,,15,new,,,15,unknown,BE,
wikipedia,industrieterrein rotem,Nordsee One,91f9d2fd-f99d-4cd4-9e4d-f238fa20173d,,15,new,,,12,unknown,BE,
wikipedia,ICO Windpark,Gode Wind 1,3fd7bf55-4531-46ce-9ff9-eafbc2d3448b,,8,new,,,44,unknown,BE,
wikipedia,Arcelor Mittal Gent,Moray West,92061744-815c-43c6-8d95-73e8d04f374e,,13,new,,,33,unknown,BE,
wikipedia,Greensky,Rentel,ded56bfe-cda2-449e-ae29-ce38478e9d9a,,5,ambiguous,,,32,unknown,BE,
wikipedia,Theux,Thor,89c62403-acd0-4d17-be4e-7f9ac587c373,,3,match,,,0.33,unknown,BE,
wikipedia,Marbais,Mermaid,8b0965d1-16da-4534-b720-96ab97a28d4d,,3,match,,,16,unknown,BE,
wikipedia,Marbais extension,Walney Extension,fc0b477c-b317-4291-afed-82a5a561cb77,,6,ambiguous,,,6,unknown,BE,
wikipedia,Gouvy,Sofia,4dabc82d-af4f-4381-81e0-569684af076a,,4,ambiguous,,,11.5,unknown,BE,
wikipedia,Mettet / Fosse-la-Ville 2,Neart na Gaoithe,2f00be80-8d78-4999-a369-cfb46a2fb6ee,,17,new,,,9.2,unknown,BE,
wikipedia,"Eghezée, Perwez 4",He Dreiht,b06c0a44-9f60-4075-ad93-b25f0e452a80,,10,new,,,2.5,unknown,BE,
wikipedia,"La Bruyère, Eghezeée",Aberdeen Offshore Wind Farm,35b771ab-0fae-4edb-9e20-05e15909e0af,,12,new,,,10,unknown,BE,
wikipedia,Mettet,Rentel,ded56bfe-cda2-449e-ae29-ce38478e9d9a,,3,match,,,22,unknown,BE,
wikipedia,Perwez extension 2,Walney Extension,fc0b477c-b317-4291-afed-82a5a561cb77,,7,new,,,5,unknown,BE,
wikipedia,Campagne Spêches extension,Walney Extension,fc0b477c-b317-4291-afed-82a5a561cb77,,12,new,,,3,unknown,BE,
wikipedia,Perwez,Rentel,ded56bfe-cda2-449e-ae29-ce38478e9d9a,,4,ambiguous,,,7.5,unknown,BE,
wikipedia,Pont-à-Celles,North Hoyle,2f89b326-27cf-43fe-9afd-af430daf450c,,8,new,,,16,unknown,BE,
wikipedia,Amblève,Rampion,20fd6448-2cf1-4619-8c79-b5e67c0d3535,,5,ambiguous,,,10,unknown,BE,
wikipedia,Bastogne,Barrow,25f7298c-ea70-4431-ae32-ea7846c56ca1,,5,ambiguous,,,6,unknown,BE,
wikipedia,Le Roeulx,Rentel,ded56bfe-cda2-449e-ae29-ce38478e9d9a,,6,ambiguous,,,9.2,unknown,BE,
wikipedia,Amel,Thanet,055f1030-8c2e-4685-9203-03e0bb14cc32,,4,ambiguous,,,6,unknown,BE,
wikipedia,Villers 1,Walney 1,0ba0bb30-c4c0-4c82-9e14-2782ac74106f,,5,ambiguous,,,9,unknown,BE,
wikipedia,"Villers 2 (Wanze, Vinalmont)",East Anglia One,c7d6f890-dd07-4c1b-b48a-1adc326b1cca,,16,new,,,3,unknown,BE,
wikipedia,Villers 3 (Verlaine),Kriegers Flak,959fc20b-9360-4450-b1b8-47dce8f4f0cb,,12,new,,,10,unknown,BE,
wikipedia,Berloz,Barrow,25f7298c-ea70-4431-ae32-ea7846c56ca1,,3,match,,,6,unknown,BE,
wikipedia,Walcourt,Galloper,52066368-128a-46c6-ba85-823227293b0b,,5,ambiguous,,,9,unknown,BE,
wikipedia,Yvoir-Dinant,Moray East,930ba954-1673-432d-8131-fddcb8f4931f,,8,new,,,12,unknown,BE,
wikipedia,Fernelmont,Hornsea One,e5e0429c-74f0-4490-be97-71d9ea9d8604,,6,ambiguous,,,4.6,unknown,BE,
wikipedia,Fernelmont 2,Formosa 2,908a43a4-ff84-45b8-8445-5738b9d43ca0,,6,ambiguous,,,2.3,unknown,BE,
wikipedia,Ciney-Sovet,Lincs,acfd5dca-fcbd-41f5-ac63-137eefee1e6d,,8,new,,,20.25,unknown,BE,
wikipedia,Bütgenbach,Race Bank,17f40b94-5c52-48db-9096-d771f27f8ef6,,6,ambiguous,,,8,unknown,BE,
wikipedia,Bullange,Belwind,8afe7a12-f5af-473b-82d4-bb4a4139ea6c,,5,ambiguous,,,12,unknown,BE,
wikipedia,Villeroux Vaux-sur-Sûre,Norfolk Vanguard,e88c1819-cf59-4185-9929-94a3f3d30bbd,,16,new,,,12,unknown,BE,
wikipedia,Leuze,Lincs,acfd5dca-fcbd-41f5-ac63-137eefee1e6d,,4,ambiguous,,,20.5,unknown,BE,
wikipedia,Seneffe,Sofia,4dabc82d-af4f-4381-81e0-569684af076a,,5,ambiguous,,,2.3,unknown,BE,2030
wikipedia,Saint Vith,Saint-Brieuc,a0c238ea-14e8-4d73-9722-1f0090b947cf,,6,ambiguous,,,0.5,unknown,BE,2030
wikipedia,Chevetogne,Dudgeon,391c81c5-93a9-4b0d-8c9f-2d9aa28f521c,,7,new,,,0.8,unknown,BE,2030
wikipedia,Baileux,Barrow,25f7298c-ea70-4431-ae32-ea7846c56ca1,,5,ambiguous,,,10,unknown,BE,
wikipedia,Froidchapelle,North Hoyle,2f89b326-27cf-43fe-9afd-af430daf450c,,9,new,,,25,unknown,BE,
wikipedia,Cerfontaine,Tramontana,6ff276a3-02b3-4f21-9bb6-ba03e6bb9840,,6,ambiguous,,,22,unknown,BE,
wikipedia,Boussu-en-Fagne (Couvin),Borssele I,ee53449c-263b-4fb5-a8ec-3670b6d7ae2f,,14,new,,,2,unknown,BE,
wikipedia,Campagne Spppêches,Rampion 2,b81e6233-2495-4ad9-b840-ea81f3822b0d,,12,new,,,6,unknown,BE,
wikipedia,Hoqugné Chivremont,Hornsea One,e5e0429c-74f0-4490-be97-71d9ea9d8604,,12,new,,,9.2,unknown,BE,
wikipedia,Flamière,Fécamp,9369aec4-d69b-41a4-856e-7dcb76aa369b,,4,ambiguous,,,7.5,unknown,BE,
wikipedia,Saint Ode,Anholt,048946f5-da7e-4d5b-8176-6fe00db20126,,6,ambiguous,,,15,unknown,BE,
wikipedia,Bastogne Bourcy,London Array,82f4a006-4666-4b7c-bf2f-35203c258daa,,10,new,,,17.5,unknown,BE,
wikipedia,Dour 1,Sofia,4dabc82d-af4f-4381-81e0-569684af076a,,5,ambiguous,,,14,unknown,BE,
wikipedia,Dour 2,Sofia,4dabc82d-af4f-4381-81e0-569684af076a,,5,ambiguous,,,8,unknown,BE,
wikipedia,Dour 3,Sofia,4dabc82d-af4f-4381-81e0-569684af076a,,5,ambiguous,,,6.9,unknown,BE,
wikipedia,Tournai,Sofia,4dabc82d-af4f-4381-81e0-569684af076a,,5,ambiguous,,,16.1,unknown,BE,
wikipedia,Quévy,Thor,89c62403-acd0-4d17-be4e-7f9ac587c373,,4,ambiguous,,,18,unknown,BE,
wikipedia,Mesnil-Eglise-Finnevaux,East Anglia One,c7d6f890-dd07-4c1b-b48a-1adc326b1cca,,17,new,,,1.39,unknown,BE,
wikipedia,Mesnil-Eglise,Beleolico,868b83e6-d396-459f-bbca-2ca6761a1bc4,,8,new,,,0.8,unknown,BE,
wikipedia,Ghislenghien,Seagreen,8426ba97-5bdb-4572-b9cc-4cedaaf8d5f2,,7,new,,,2,unknown,BE,
wikipedia,Levant de Mons,Gwynt y Môr,a4280fa3-a5b8-47a8-ad21-d8af8dacd4e1,,9,new,,,66,unknown,BE,
wikipedia,Floreffe Fosse-la-Ville,Borssele I,ee53449c-263b-4fb5-a8ec-3670b6d7ae2f,,16,new,,,16.1,unknown,BE,
wikipedia,Bièvre 2,Bałtyk 2,207ad5f7-f94d-4125-b9ae-444bc4c6bbe4,,4,ambiguous,,,14,unknown,BE,
wikipedia,Estinnes,Lincs,acfd5dca-fcbd-41f5-ac63-137eefee1e6d,,5,ambiguous,,,812,unknown,BE,
wikipedia,Mol BR-3,Baltic 1,a02dad1e-8c35-4d41-b035-9832a09a5320,403.1,7,new,51,13,10,unknown,BE,1987
wikipedia,Zhuanghe,Thanet,055f1030-8c2e-4685-9203-03e0bb14cc32,,5,ambiguous,,,1350,unknown,CN,2021
wikipedia,Shanwei Jiazi I+II,Prinses Amalia (Q7),ee66e3c1-69d1-4fc8-b843-1474b454f4c4,,12,new,,,900,unknown,CN,2022
wikipedia,Shanwei Houhu,Hornsea Four,b38cb358-6ba7-4088-a8d4-ecee7ea9e1e9,,8,new,,,500,unknown,CN,2022
wikipedia,SPIC Binhai North H2,Hai Long 2,bc0111d9-98e5-4e09-9b19-21bfc3b18cf1,8606.2,13,new,34,30,400,unknown,CN,2018
wikipedia,Yangxi Shapa III,Dogger Bank A,58675ff9-7203-4b52-ba65-1e9b1eaba131,,12,new,,,400,unknown,CN,
wikipedia,Huaneng Rudong H6,Hai Long 2,bc0111d9-98e5-4e09-9b19-21bfc3b18cf1,,10,new,,,400,unknown,CN,2021
wikipedia,Yangjiang Shapa Phase 2,Guangdong Shapa Offshore,e6afdc6b-a647-4d3c-9438-cfaaa6ea7e60,,12,new,,,400,unknown,CN,2021
wikipedia,Huaneng Rudong,Utgrunden,8907ca7f-3ec4-45bc-829a-7637016ecb6c,3267.3,9,new,32,40,300,unknown,CN,2017
wikipedia,Yangjiang Shapa Phase 1,Guangdong Shapa Offshore,e6afdc6b-a647-4d3c-9438-cfaaa6ea7e60,,12,new,,,300,unknown,CN,2019
wikipedia,Dongtai IV,Dan Tysk,0c4e46cc-c315-4bf1-b6f3-2be54931683a,,7,new,,,300,unknown,CN,2019
wikipedia,Jiangsu Dafeng H8-2,Jiangsu Dafeng Offshore,55576432-e709-4475-8c26-6afecf8b8b7b,,7,new,,,300,unknown,CN,2022
wikipedia,Xiangshui demonstration,Jiangsu Dafeng Offshore,55576432-e709-4475-8c26-6afecf8b8b7b,8197.6,15,new,34,29,202,unknown,CN,2014
wikipedia,Rudong,Arkona,8331f8df-7efc-455c-8046-f7e306b46496,2877.3,4,ambiguous,32,31,200,unknown,CN,2014
wikipedia,Dongtai V,Dan Tysk,0c4e46cc-c315-4bf1-b6f3-2be54931683a,,6,ambiguous,,,200,unknown,CN,2021
wikipedia,CGN Rudong demonstration,CGN Guangdong Yangjiang,29e8445f-4cf1-482c-8363-2a5e422aed98,,14,new,,,152,unknown,CN,2014
wikipedia,Longyuan Rudong Intertidal,Longyuan Rudong Offshore,31a9b6cb-847c-48e1-9698-74be1a218482,8291.6,10,new,32,30,131,unknown,CN,2012
wikipedia,Donghai Bridge,Dogger Bank C,d7f92230-0183-42b3-81d7-74ec94437575,4397.1,9,new,30,46,102,unknown,CN,2010
wikipedia,Guishan,SeaStar,4e0b0919-5158-4d9b-b6b8-a49e75c4ba27,3299.5,5,ambiguous,22,7,198,unknown,CN,2018
wikipedia,Shanghai Lingang Demonstration - 2,Canary Islands Floating,8014a1e0-d6a3-4df9-8663-ab311dd61a53,,23,new,,,101,unknown,CN,2016
wikipedia,SPIC Binhai North H1,Sheringham Shoal,151d4e84-d6a1-45da-a9fa-dc5b69b40b99,2791.6,14,new,34,24,100,unknown,CN,2014
wikipedia,Block Island Wind,Block Island Wind Farm,bd300298-00ce-4b34-b4d8-75e4b96f5390,2.5,5,match,41.1147,-71.5211,,unknown,US,1147
wikipedia,Coastal Virginia Offshore Wind - Pilot Project,Coastal Virginia Offshore Wind,9ab6b225-bd81-4770-b815-7ff7652bb973,14664.5,16,new,2,135,,unknown,US,8916
wikipedia,South Fork,South Fork Wind,718b6953-9600-4d53-ad38-c8664006813e,71.0,5,ambiguous,41.092,-71.311161,,unknown,US,3111
wikipedia,Sunrise Wind&#91;31&#93;,Sunrise Wind,322724b4-bf77-43e2-aebe-4131ac606971,63.4,6,ambiguous,41.008196,-71.6539,,unknown,US,9933
wikipedia,Empire Wind 1,Empire Wind 1,8724df88-f934-41ae-b681-ecb80ddd04e6,22.5,0,match,40.299,-73.347,,unknown,US,3292
wikipedia,Attentive Energy Two,East Anglia Two,65675c8a-1a41-4dc0-9bf3-4e3087fff55a,,13,new,,,,unknown,US,
wikipedia,Carolina Long Bay,Hai Long 2,bc0111d9-98e5-4e09-9b19-21bfc3b18cf1,,9,new,,,,unknown,US,
wikipedia,Kitty Hawk North Wind,South Fork Wind,718b6953-9600-4d53-ad38-c8664006813e,,11,new,,,,unknown,US,
wikipedia,Leading Light Wind,New England Wind,ed277e79-a533-4f26-87e6-81be6fd0fbba,,9,new,,,,unknown,US,
wikipedia,MarWin,Rampion,20fd6448-2cf1-4619-8c79-b5e67c0d3535,,4,ambiguous,,,,unknown,US,
wikipedia,Momentum Wind,Northwind,25d2d816-be99-4458-a155-0bd508c8e58b,,7,new,,,55,unknown,US,
wikipedia,New England Wind 1,New England Wind,ed277e79-a533-4f26-87e6-81be6fd0fbba,113.2,2,match,40.86111111,-70.71111111,,unknown,US,
wikipedia,Vineyard Wind 2,Vineyard Wind 1,f09d4fcf-6aa2-4e8a-872f-2f44a65535f3,,1,match,,,,unknown,US,
wikipedia,TBA,Thor,89c62403-acd0-4d17-be4e-7f9ac587c373,,3,match,,,,unknown,US,
wikipedia,Bockstigen,Bockstigen,93abcf2b-1564-45bc-bbe0-94b65f55571d,973.6,0,match,57,2,2.75,unknown,SE,1998
wikipedia,Lillgrund,Lillgrund,5809fbba-0d8d-4243-ad83-ca9789883307,1153.3,0,match,55,31,110,unknown,SE,2008
wikipedia,Vänern,Thor,89c62403-acd0-4d17-be4e-7f9ac587c373,486.8,4,ambiguous,59,15,30,unknown,SE,2010
wikipedia,Karehamn,Kårehamn,1e32c078-eed9-429c-b79d-3031480ab464,2467.8,1,match,56,58,48,unknown,SE,2013
wikipedia,Svante 1,Seagreen,8426ba97-5bdb-4572-b9cc-4cedaaf8d5f2,142.8,5,ambiguous,56,0,0.22,unknown,SE,1990
wikipedia,Utgrunden,Utgrunden,8907ca7f-3ec4-45bc-829a-7637016ecb6c,231.4,0,match,56,20,10.5,unknown,SE,2000
wikipedia,Setana Wind Farm,Arkona,8331f8df-7efc-455c-8046-f7e306b46496,8030.6,4,ambiguous,42.45,139.85,0.6,unknown,JP,
wikipedia,Sakata Offshore Wind Farm,Sofia,4dabc82d-af4f-4381-81e0-569684af076a,,4,ambiguous,,,2,unknown,JP,
wikipedia,Wind Power Kamisu,Mayflower Wind,4418a777-cef1-4d2a-9fb0-6b668a5b73f1,10902.6,11,new,35.88994444,140.66452778,2,unknown,JP,2008
wikipedia,Fukushima Floating Wind Turbine,Ulsan Floating,17e33780-5b90-42fe-bead-e271629596cf,,20,new,,,2,unknown,JP,2013
wikipedia,Noshiro Port,Noshiro Port,1e9d7b61-183b-4046-aeaa-868e77d60629,9659.9,0,match,40,12,4.2,unknown,JP,2022
wikipedia,Akita Port,Akita Port,7c5a2bd5-6691-47cb-a120-27813a35cdaf,7729.2,0,match,39,45,4.2,unknown,JP,2022
wikipedia,Ishikari Bay,Wikinger,e05acd4d-9c30-49c4-886b-4b457bbc0602,1384.8,9,new,43,20,8,unknown,JP,2023
wikipedia,Kitakyushu,Kitakyushu Hibiki,65e6dedf-f690-4984-b7fa-42970905c63c,4.1,7,match,33.88333333,130.88333333,,unknown,JP,
wikipedia,Yurihonjo,Dudgeon,391c81c5-93a9-4b0d-8c9f-2d9aa28f521c,,6,ambiguous,,,12.6,unknown,JP,2030
wikipedia,Noshiro,Norther,4cbb2487-0897-425e-b06b-a4e57399bdef,,4,ambiguous,,,12.6,unknown,JP,2028
wikipedia,Choshi,Thor,89c62403-acd0-4d17-be4e-7f9ac587c373,,4,ambiguous,,,12.6,unknown,JP,2028
